<?xml version="1.0" encoding="UTF-8"?>
<project-private xmlns="http://www.netbeans.org/ns/project-private/1">
    <editor-bookmarks xmlns="http://www.netbeans.org/ns/editor-bookmarks/2" lastBookmarkId="0"/>
    <open-files xmlns="http://www.netbeans.org/ns/projectui-open-files/2">
        <group>
            <file>file:/C:/Users/Zhirun%20Tian/Documents/INFSCI2731-AA-Plugin-Application/INFSCI2731-AA-Plugin-Application/web/hostilelist.jsp</file>
            <file>file:/C:/Users/Zhirun%20Tian/Documents/INFSCI2731-AA-Plugin-Application/INFSCI2731-AA-Plugin-Application/src/java/controller/Hostile.java</file>
        </group>
    </open-files>
</project-private>
